id,url,title,content_snippet,links_found,timestamp,domain
1,https://www.python.org/community/irc/,Internet Relay Chat | Python.org,Internet Relay Chat | Python.org Notice: This page displays a fallback because interactive scripts did not run. Possible causes include disabled JavaScript or failure to load scripts or stylesheets. Skip to content ▼ Close Python PSF Docs PyPI Jobs Community ▲ The Python Network Donate ≡ Menu Search This Site GO A A Smaller Larger Reset Socialize LinkedIn Mastodon Chat on IRC Twitter About Applications Quotes Getting Started Help Python Brochure Downloads All releases Source code Windows macOS Android Other Platforms License Alternative Implementations Documentation Docs Audio/Visual Talks Beginner's Guide FAQ Non-English Docs PEP Index Pytho,22,2026-05-14 03:59:59.820757,www.python.org
2,https://www.python.org/about/apps/,Applications for Python | Python.org,Applications for Python | Python.org Notice: This page displays a fallback because interactive scripts did not run. Possible causes include disabled JavaScript or failure to load scripts or stylesheets. Skip to content ▼ Close Python PSF Docs PyPI Jobs Community ▲ The Python Network Donate ≡ Menu Search This Site GO A A Smaller Larger Reset Socialize LinkedIn Mastodon Chat on IRC Twitter About Applications Quotes Getting Started Help Python Brochure Downloads All releases Source code Windows macOS Android Other Platforms License Alternative Implementations Documentation Docs Audio/Visual Talks Beginner's Guide FAQ Non-English Docs PEP Index P,22,2026-05-14 03:59:59.842015,www.python.org
3,https://www.python.org/about/quotes/,Quotes about Python | Python.org,Quotes about Python | Python.org Notice: This page displays a fallback because interactive scripts did not run. Possible causes include disabled JavaScript or failure to load scripts or stylesheets. Skip to content ▼ Close Python PSF Docs PyPI Jobs Community ▲ The Python Network Donate ≡ Menu Search This Site GO A A Smaller Larger Reset Socialize LinkedIn Mastodon Chat on IRC Twitter About Applications Quotes Getting Started Help Python Brochure Downloads All releases Source code Windows macOS Android Other Platforms License Alternative Implementations Documentation Docs Audio/Visual Talks Beginner's Guide FAQ Non-English Docs PEP Index Pytho,22,2026-05-14 03:59:59.858534,www.python.org
4,https://www.nasa.gov/news/,NASA News,NASA News Explore Search News & Events News & Events News Releases Recently Published Video Series on NASA+ Podcasts & Audio Blogs Newsletters Social Media Media Resources Events Upcoming Launches & Landings Virtual Guest Program Multimedia Multimedia NASA+ Images NASA Live NASA Apps Podcasts Image of the Day e-Books Interactives STEM Multimedia NASA Brand & Usage Guidelines NASA+ Search Suggested Searches Climate Change Artemis Expedition 64 Mars perseverance SpaceX Crew-2 International Space Station View All Topics A-Z Home Missions Humans in Space Earth The Solar System The Universe Science Aeronautics Technology Learning Resources About N,25,2026-05-14 04:00:00.253812,www.nasa.gov
5,https://www.nasa.gov/2026-news-releases/,2026 News Releases - NASA,2026 News Releases - NASA Explore Search News & Events News & Events News Releases Recently Published Video Series on NASA+ Podcasts & Audio Blogs Newsletters Social Media Media Resources Events Upcoming Launches & Landings Virtual Guest Program Multimedia Multimedia NASA+ Images NASA Live NASA Apps Podcasts Image of the Day e-Books Interactives STEM Multimedia NASA Brand & Usage Guidelines NASA+ Search Suggested Searches Climate Change Artemis Expedition 64 Mars perseverance SpaceX Crew-2 International Space Station View All Topics A-Z Home Missions Humans in Space Earth The Solar System The Universe Science Aeronautics Technology Learning R,25,2026-05-14 04:00:00.302612,www.nasa.gov
6,https://plus.nasa.gov/series/,Explore Series | NASA+,Explore Series | NASA+ Explore Series - NASA+ Skip to content Explore Search News & Events News & Events News Releases Recently Published Video Series on NASA+ Podcasts & Audio Blogs Newsletters Social Media Media Resources Events Upcoming Launches & Landings Virtual Guest Program Multimedia Multimedia NASA+ Images NASA Live NASA Apps Podcasts Image of the Day e-Books Interactives STEM Multimedia NASA Brand & Usage Guidelines NASA+ Search Suggested Searches Climate Change Artemis Expedition 64 Mars perseverance SpaceX Crew-2 International Space Station View All Topics A-Z Home Missions Humans in Space Earth The Solar System The Universe Scien,25,2026-05-14 04:00:00.708898,plus.nasa.gov
7,https://www.nasa.gov/nasa-blogs/,Blogs - NASA,Blogs - NASA Explore Search News & Events News & Events News Releases Recently Published Video Series on NASA+ Podcasts & Audio Blogs Newsletters Social Media Media Resources Events Upcoming Launches & Landings Virtual Guest Program Multimedia Multimedia NASA+ Images NASA Live NASA Apps Podcasts Image of the Day e-Books Interactives STEM Multimedia NASA Brand & Usage Guidelines NASA+ Search Suggested Searches Climate Change Artemis Expedition 64 Mars perseverance SpaceX Crew-2 International Space Station View All Topics A-Z Home Missions Humans in Space Earth The Solar System The Universe Science Aeronautics Technology Learning Resources Abou,25,2026-05-14 04:00:00.962266,www.nasa.gov
8,https://www.python.org/about/gettingstarted/,Python For Beginners | Python.org,Python For Beginners | Python.org Notice: This page displays a fallback because interactive scripts did not run. Possible causes include disabled JavaScript or failure to load scripts or stylesheets. Skip to content ▼ Close Python PSF Docs PyPI Jobs Community ▲ The Python Network Donate ≡ Menu Search This Site GO A A Smaller Larger Reset Socialize LinkedIn Mastodon Chat on IRC Twitter About Applications Quotes Getting Started Help Python Brochure Downloads All releases Source code Windows macOS Android Other Platforms License Alternative Implementations Documentation Docs Audio/Visual Talks Beginner's Guide FAQ Non-English Docs PEP Index Pyth,22,2026-05-14 04:00:01.610421,www.python.org
9,https://www.nasa.gov/news/recently-published/,All NASA News - NASA,All NASA News - NASA Explore Search News & Events News & Events News Releases Recently Published Video Series on NASA+ Podcasts & Audio Blogs Newsletters Social Media Media Resources Events Upcoming Launches & Landings Virtual Guest Program Multimedia Multimedia NASA+ Images NASA Live NASA Apps Podcasts Image of the Day e-Books Interactives STEM Multimedia NASA Brand & Usage Guidelines NASA+ Search Suggested Searches Climate Change Artemis Expedition 64 Mars perseverance SpaceX Crew-2 International Space Station View All Topics A-Z Home Missions Humans in Space Earth The Solar System The Universe Science Aeronautics Technology Learning Resour,25,2026-05-14 04:00:01.931766,www.nasa.gov
10,https://www.nasa.gov/social-media/,Official NASA Social Media Accounts - NASA,Official NASA Social Media Accounts - NASA Explore Search News & Events News & Events News Releases Recently Published Video Series on NASA+ Podcasts & Audio Blogs Newsletters Social Media Media Resources Events Upcoming Launches & Landings Virtual Guest Program Multimedia Multimedia NASA+ Images NASA Live NASA Apps Podcasts Image of the Day e-Books Interactives STEM Multimedia NASA Brand & Usage Guidelines NASA+ Search Suggested Searches Climate Change Artemis Expedition 64 Mars perseverance SpaceX Crew-2 International Space Station View All Topics A-Z Home Missions Humans in Space Earth The Solar System The Universe Science Aeronautics Tech,25,2026-05-14 04:00:01.951980,www.nasa.gov
11,https://www.nasa.gov/podcasts-and-audio/,Podcasts and Audio - NASA,Podcasts and Audio - NASA Explore Search News & Events News & Events News Releases Recently Published Video Series on NASA+ Podcasts & Audio Blogs Newsletters Social Media Media Resources Events Upcoming Launches & Landings Virtual Guest Program Multimedia Multimedia NASA+ Images NASA Live NASA Apps Podcasts Image of the Day e-Books Interactives STEM Multimedia NASA Brand & Usage Guidelines NASA+ Search Suggested Searches Climate Change Artemis Expedition 64 Mars perseverance SpaceX Crew-2 International Space Station View All Topics A-Z Home Missions Humans in Space Earth The Solar System The Universe Science Aeronautics Technology Learning R,25,2026-05-14 04:00:01.963788,www.nasa.gov
12,https://www.nasa.gov/news/media-contacts/,NASA Media Contacts - NASA,NASA Media Contacts - NASA Explore Search News & Events News & Events News Releases Recently Published Video Series on NASA+ Podcasts & Audio Blogs Newsletters Social Media Media Resources Events Upcoming Launches & Landings Virtual Guest Program Multimedia Multimedia NASA+ Images NASA Live NASA Apps Podcasts Image of the Day e-Books Interactives STEM Multimedia NASA Brand & Usage Guidelines NASA+ Search Suggested Searches Climate Change Artemis Expedition 64 Mars perseverance SpaceX Crew-2 International Space Station View All Topics A-Z Home Missions Humans in Space Earth The Solar System The Universe Science Aeronautics Technology Learning ,25,2026-05-14 04:00:02.095565,www.nasa.gov
13,https://www.nasa.gov/event-type/launch-schedule/,Launch Schedule Archives - NASA,Launch Schedule Archives - NASA Explore Search News & Events News & Events News Releases Recently Published Video Series on NASA+ Podcasts & Audio Blogs Newsletters Social Media Media Resources Events Upcoming Launches & Landings Virtual Guest Program Multimedia Multimedia NASA+ Images NASA Live NASA Apps Podcasts Image of the Day e-Books Interactives STEM Multimedia NASA Brand & Usage Guidelines NASA+ Search Suggested Searches Climate Change Artemis Expedition 64 Mars perseverance SpaceX Crew-2 International Space Station View All Topics A-Z Home Missions Humans in Space Earth The Solar System The Universe Science Aeronautics Technology Lear,25,2026-05-14 04:00:02.135686,www.nasa.gov
14,https://www.nasa.gov/newsletters/,Newsletters - NASA,Newsletters - NASA Explore Search News & Events News & Events News Releases Recently Published Video Series on NASA+ Podcasts & Audio Blogs Newsletters Social Media Media Resources Events Upcoming Launches & Landings Virtual Guest Program Multimedia Multimedia NASA+ Images NASA Live NASA Apps Podcasts Image of the Day e-Books Interactives STEM Multimedia NASA Brand & Usage Guidelines NASA+ Search Suggested Searches Climate Change Artemis Expedition 64 Mars perseverance SpaceX Crew-2 International Space Station View All Topics A-Z Home Missions Humans in Space Earth The Solar System The Universe Science Aeronautics Technology Learning Resource,25,2026-05-14 04:00:02.630481,www.nasa.gov
15,https://plus.nasa.gov/,Home | NASA+,Home | NASA+ Home - NASA+ Skip to content Explore Search News & Events News & Events News Releases Recently Published Video Series on NASA+ Podcasts & Audio Blogs Newsletters Social Media Media Resources Events Upcoming Launches & Landings Virtual Guest Program Multimedia Multimedia NASA+ Images NASA Live NASA Apps Podcasts Image of the Day e-Books Interactives STEM Multimedia NASA Brand & Usage Guidelines NASA+ Search Suggested Searches Climate Change Artemis Expedition 64 Mars perseverance SpaceX Crew-2 International Space Station View All Topics A-Z Home Missions Humans in Space Earth The Solar System The Universe Science Aeronautics Techn,25,2026-05-14 04:00:02.811135,plus.nasa.gov
16,https://www.nasa.gov/images/,NASA Images - NASA,NASA Images - NASA Explore Search News & Events News & Events News Releases Recently Published Video Series on NASA+ Podcasts & Audio Blogs Newsletters Social Media Media Resources Events Upcoming Launches & Landings Virtual Guest Program Multimedia Multimedia NASA+ Images NASA Live NASA Apps Podcasts Image of the Day e-Books Interactives STEM Multimedia NASA Brand & Usage Guidelines NASA+ Search Suggested Searches Climate Change Artemis Expedition 64 Mars perseverance SpaceX Crew-2 International Space Station View All Topics A-Z Home Missions Humans in Space Earth The Solar System The Universe Science Aeronautics Technology Learning Resource,25,2026-05-14 04:00:02.976421,www.nasa.gov
17,https://www.nasa.gov/apps/,Mobile and Desktop Apps - NASA,Mobile and Desktop Apps - NASA Explore Search News & Events News & Events News Releases Recently Published Video Series on NASA+ Podcasts & Audio Blogs Newsletters Social Media Media Resources Events Upcoming Launches & Landings Virtual Guest Program Multimedia Multimedia NASA+ Images NASA Live NASA Apps Podcasts Image of the Day e-Books Interactives STEM Multimedia NASA Brand & Usage Guidelines NASA+ Search Suggested Searches Climate Change Artemis Expedition 64 Mars perseverance SpaceX Crew-2 International Space Station View All Topics A-Z Home Missions Humans in Space Earth The Solar System The Universe Science Aeronautics Technology Learn,25,2026-05-14 04:00:03.709426,www.nasa.gov
18,https://www.nasa.gov/nasa-virtual-guest-program/,NASA Virtual Guest Program - NASA,NASA Virtual Guest Program - NASA Explore Search News & Events News & Events News Releases Recently Published Video Series on NASA+ Podcasts & Audio Blogs Newsletters Social Media Media Resources Events Upcoming Launches & Landings Virtual Guest Program Multimedia Multimedia NASA+ Images NASA Live NASA Apps Podcasts Image of the Day e-Books Interactives STEM Multimedia NASA Brand & Usage Guidelines NASA+ Search Suggested Searches Climate Change Artemis Expedition 64 Mars perseverance SpaceX Crew-2 International Space Station View All Topics A-Z Home Missions Humans in Space Earth The Solar System The Universe Science Aeronautics Technology Le,25,2026-05-14 04:00:03.770302,www.nasa.gov
19,https://www.nasa.gov/multimedia/,Multimedia - NASA,Multimedia - NASA Explore Search News & Events News & Events News Releases Recently Published Video Series on NASA+ Podcasts & Audio Blogs Newsletters Social Media Media Resources Events Upcoming Launches & Landings Virtual Guest Program Multimedia Multimedia NASA+ Images NASA Live NASA Apps Podcasts Image of the Day e-Books Interactives STEM Multimedia NASA Brand & Usage Guidelines NASA+ Search Suggested Searches Climate Change Artemis Expedition 64 Mars perseverance SpaceX Crew-2 International Space Station View All Topics A-Z Home Missions Humans in Space Earth The Solar System The Universe Science Aeronautics Technology Learning Resources,25,2026-05-14 04:00:03.804450,www.nasa.gov
20,https://www.nasa.gov/image-of-the-day/,Image of the Day - NASA,Image of the Day - NASA Explore Search News & Events News & Events News Releases Recently Published Video Series on NASA+ Podcasts & Audio Blogs Newsletters Social Media Media Resources Events Upcoming Launches & Landings Virtual Guest Program Multimedia Multimedia NASA+ Images NASA Live NASA Apps Podcasts Image of the Day e-Books Interactives STEM Multimedia NASA Brand & Usage Guidelines NASA+ Search Suggested Searches Climate Change Artemis Expedition 64 Mars perseverance SpaceX Crew-2 International Space Station View All Topics A-Z Home Missions Humans in Space Earth The Solar System The Universe Science Aeronautics Technology Learning Res,25,2026-05-14 04:00:03.953637,www.nasa.gov
21,https://www.nasa.gov/ebooks/,e-Books - NASA,e-Books - NASA Explore Search News & Events News & Events News Releases Recently Published Video Series on NASA+ Podcasts & Audio Blogs Newsletters Social Media Media Resources Events Upcoming Launches & Landings Virtual Guest Program Multimedia Multimedia NASA+ Images NASA Live NASA Apps Podcasts Image of the Day e-Books Interactives STEM Multimedia NASA Brand & Usage Guidelines NASA+ Search Suggested Searches Climate Change Artemis Expedition 64 Mars perseverance SpaceX Crew-2 International Space Station View All Topics A-Z Home Missions Humans in Space Earth The Solar System The Universe Science Aeronautics Technology Learning Resources Ab,25,2026-05-14 04:00:03.988033,www.nasa.gov
22,https://www.nasa.gov/nasa-brand-center/,NASA Brand Center,NASA Brand Center Explore Search News & Events News & Events News Releases Recently Published Video Series on NASA+ Podcasts & Audio Blogs Newsletters Social Media Media Resources Events Upcoming Launches & Landings Virtual Guest Program Multimedia Multimedia NASA+ Images NASA Live NASA Apps Podcasts Image of the Day e-Books Interactives STEM Multimedia NASA Brand & Usage Guidelines NASA+ Search Suggested Searches Climate Change Artemis Expedition 64 Mars perseverance SpaceX Crew-2 International Space Station View All Topics A-Z Home Missions Humans in Space Earth The Solar System The Universe Science Aeronautics Technology Learning Resources,25,2026-05-14 04:00:04.741754,www.nasa.gov
23,https://www.nasa.gov/podcasts/,Podcasts - NASA,Podcasts - NASA Explore Search News & Events News & Events News Releases Recently Published Video Series on NASA+ Podcasts & Audio Blogs Newsletters Social Media Media Resources Events Upcoming Launches & Landings Virtual Guest Program Multimedia Multimedia NASA+ Images NASA Live NASA Apps Podcasts Image of the Day e-Books Interactives STEM Multimedia NASA Brand & Usage Guidelines NASA+ Search Suggested Searches Climate Change Artemis Expedition 64 Mars perseverance SpaceX Crew-2 International Space Station View All Topics A-Z Home Missions Humans in Space Earth The Solar System The Universe Science Aeronautics Technology Learning Resources A,25,2026-05-14 04:00:05.377965,www.nasa.gov
24,https://www.nasa.gov/,NASA,NASA Explore Search News & Events News & Events News Releases Recently Published Video Series on NASA+ Podcasts & Audio Blogs Newsletters Social Media Media Resources Events Upcoming Launches & Landings Virtual Guest Program Multimedia Multimedia NASA+ Images NASA Live NASA Apps Podcasts Image of the Day e-Books Interactives STEM Multimedia NASA Brand & Usage Guidelines NASA+ Search Suggested Searches Climate Change Artemis Expedition 64 Mars perseverance SpaceX Crew-2 International Space Station View All Topics A-Z Home Missions Humans in Space Earth The Solar System The Universe Science Aeronautics Technology Learning Resources About NASA E,25,2026-05-14 04:00:05.557616,www.nasa.gov
25,https://www.nasa.gov/interactives/,Games and Interactives - NASA,Games and Interactives - NASA Explore Search News & Events News & Events News Releases Recently Published Video Series on NASA+ Podcasts & Audio Blogs Newsletters Social Media Media Resources Events Upcoming Launches & Landings Virtual Guest Program Multimedia Multimedia NASA+ Images NASA Live NASA Apps Podcasts Image of the Day e-Books Interactives STEM Multimedia NASA Brand & Usage Guidelines NASA+ Search Suggested Searches Climate Change Artemis Expedition 64 Mars perseverance SpaceX Crew-2 International Space Station View All Topics A-Z Home Missions Humans in Space Earth The Solar System The Universe Science Aeronautics Technology Learni,25,2026-05-14 04:00:05.637112,www.nasa.gov
26,https://www.nasa.gov/learning-resources/search/?terms=8058%2C8059%2C8061%2C8062%2C8068,STEM Content - NASA,STEM Content - NASA Explore Search News & Events News & Events News Releases Recently Published Video Series on NASA+ Podcasts & Audio Blogs Newsletters Social Media Media Resources Events Upcoming Launches & Landings Virtual Guest Program Multimedia Multimedia NASA+ Images NASA Live NASA Apps Podcasts Image of the Day e-Books Interactives STEM Multimedia NASA Brand & Usage Guidelines NASA+ Search Suggested Searches Climate Change Artemis Expedition 64 Mars perseverance SpaceX Crew-2 International Space Station View All Topics A-Z Home Missions Humans in Space Earth The Solar System The Universe Science Aeronautics Technology Learning Resourc,25,2026-05-14 04:00:05.662873,www.nasa.gov
27,https://plus.nasa.gov/series/#content,Explore Series | NASA+,Explore Series | NASA+ Explore Series - NASA+ Skip to content Explore Search News & Events News & Events News Releases Recently Published Video Series on NASA+ Podcasts & Audio Blogs Newsletters Social Media Media Resources Events Upcoming Launches & Landings Virtual Guest Program Multimedia Multimedia NASA+ Images NASA Live NASA Apps Podcasts Image of the Day e-Books Interactives STEM Multimedia NASA Brand & Usage Guidelines NASA+ Search Suggested Searches Climate Change Artemis Expedition 64 Mars perseverance SpaceX Crew-2 International Space Station View All Topics A-Z Home Missions Humans in Space Earth The Solar System The Universe Scien,25,2026-05-14 04:00:12.003231,plus.nasa.gov
28,https://plus.nasa.gov/#content,Home | NASA+,Home | NASA+ Home - NASA+ Skip to content Explore Search News & Events News & Events News Releases Recently Published Video Series on NASA+ Podcasts & Audio Blogs Newsletters Social Media Media Resources Events Upcoming Launches & Landings Virtual Guest Program Multimedia Multimedia NASA+ Images NASA Live NASA Apps Podcasts Image of the Day e-Books Interactives STEM Multimedia NASA Brand & Usage Guidelines NASA+ Search Suggested Searches Climate Change Artemis Expedition 64 Mars perseverance SpaceX Crew-2 International Space Station View All Topics A-Z Home Missions Humans in Space Earth The Solar System The Universe Science Aeronautics Techn,25,2026-05-14 04:00:19.741502,plus.nasa.gov
29,https://pypi.org/,PyPI · The Python Package Index,"PyPI · The Python Package Index Skip to main content Switch to mobile version Warning Some features may not work without JavaScript. Please try enabling it if you encounter problems. Help Docs Sponsors Log in Register Menu Help Docs Sponsors Log in Register Find, install and publish Python packages with the Python Package Index Search PyPI Search Or browse projects 808,268 projects 8,677,882 releases 18,860,975 files 1,056,152 users The Python Package Index (PyPI) is a repository of software for the Python programming language. PyPI helps you find and install software developed and shared by the Python community. Learn about installing packag",25,2026-05-14 04:00:20.725796,pypi.org
30,https://pypi.org/help/,Help · PyPI,"Help · PyPI Skip to main content Switch to mobile version Warning Some features may not work without JavaScript. Please try enabling it if you encounter problems. Search PyPI Search Help Docs Sponsors Log in Register Menu Help Docs Sponsors Log in Register Search PyPI Search Common questions Basics What's a package, project, or release? How do I install a file (package) from PyPI? How do I package and publish my code for PyPI? What's a trove classifier? What's a ""yanked"" release? What's an archived project? My Account Why do I need a verified email address? Why is PyPI telling me my password is compromised? What should I do if I notice suspic",25,2026-05-14 04:00:20.969618,pypi.org
31,https://pypi.org/search/,Client Challenge,"Client Challenge JavaScript is disabled in your browser. Please enable JavaScript to proceed. A required part of this site couldn’t load. This may be due to a browser
      extension, network issues, or browser settings. Please check your
      connection, disable any ad blockers, or try using a different browser.",0,2026-05-14 04:00:21.771559,pypi.org
32,https://pypi.org/sponsors/,Sponsors · PyPI,"Sponsors · PyPI Skip to main content Switch to mobile version Warning Some features may not work without JavaScript. Please try enabling it if you encounter problems. Search PyPI Search Help Docs Sponsors Log in Register Menu Help Docs Sponsors Log in Register Search PyPI Search Support PyPI and related projects Sponsor the Python Software Foundation The Python Software Foundation raises and distributes funds to improve Python's packaging ecosystem. Recent projects funded include: The successful relaunch of the Python Package Index, powered by the new 'Warehouse' codebase With $170,000 in funding from the Mozilla Open Source Support Program i",25,2026-05-14 04:00:22.681199,pypi.org
33,https://pypi.org/stats/,Statistics · PyPI,"Statistics · PyPI Skip to main content Switch to mobile version Warning Some features may not work without JavaScript. Please try enabling it if you encounter problems. Search PyPI Search Help Docs Sponsors Log in Register Menu Help Docs Sponsors Log in Register Search PyPI Search PyPI statistics We all love stats, so here are some useful statistics about PyPI. First-party statistics These statistics are provided directly by PyPI. PyPI provides public datasets, including download statistics and metadata via BigQuery PyPI provides a public dashboard with statistics on usage and performance Third-party statistics These statistics are provided b",25,2026-05-14 04:00:22.746647,pypi.org
34,https://pypi.org/trademarks/,Trademarks · PyPI,"Trademarks · PyPI Skip to main content Switch to mobile version Warning Some features may not work without JavaScript. Please try enabling it if you encounter problems. Search PyPI Search Help Docs Sponsors Log in Register Menu Help Docs Sponsors Log in Register Search PyPI Search PyPI Trademarks ""PyPI"", ""Python Package Index"", and the blocks logos are registered trademarks of the Python Software Foundation referring to the products and services associated with pypi.org. Any other use by any other party is prohibited. Wordmarks "" PyPI "" USPTO Registration Number 5608450 International Registration Number 1384149 "" Python Package Index "" USPTO ",25,2026-05-14 04:00:23.009077,pypi.org
35,https://pypi.org/help/#packages,Help · PyPI,"Help · PyPI Skip to main content Switch to mobile version Warning Some features may not work without JavaScript. Please try enabling it if you encounter problems. Search PyPI Search Help Docs Sponsors Log in Register Menu Help Docs Sponsors Log in Register Search PyPI Search Common questions Basics What's a package, project, or release? How do I install a file (package) from PyPI? How do I package and publish my code for PyPI? What's a trove classifier? What's a ""yanked"" release? What's an archived project? My Account Why do I need a verified email address? Why is PyPI telling me my password is compromised? What should I do if I notice suspic",25,2026-05-14 04:00:23.486086,pypi.org
36,https://pypi.org/help/#publishing,Help · PyPI,"Help · PyPI Skip to main content Switch to mobile version Warning Some features may not work without JavaScript. Please try enabling it if you encounter problems. Search PyPI Search Help Docs Sponsors Log in Register Menu Help Docs Sponsors Log in Register Search PyPI Search Common questions Basics What's a package, project, or release? How do I install a file (package) from PyPI? How do I package and publish my code for PyPI? What's a trove classifier? What's a ""yanked"" release? What's an archived project? My Account Why do I need a verified email address? Why is PyPI telling me my password is compromised? What should I do if I notice suspic",25,2026-05-14 04:00:23.864160,pypi.org
37,https://pypi.org/help/#content,Help · PyPI,"Help · PyPI Skip to main content Switch to mobile version Warning Some features may not work without JavaScript. Please try enabling it if you encounter problems. Search PyPI Search Help Docs Sponsors Log in Register Menu Help Docs Sponsors Log in Register Search PyPI Search Common questions Basics What's a package, project, or release? How do I install a file (package) from PyPI? How do I package and publish my code for PyPI? What's a trove classifier? What's a ""yanked"" release? What's an archived project? My Account Why do I need a verified email address? Why is PyPI telling me my password is compromised? What should I do if I notice suspic",25,2026-05-14 04:00:24.325532,pypi.org
38,https://pypi.org/help/#yanked,Help · PyPI,"Help · PyPI Skip to main content Switch to mobile version Warning Some features may not work without JavaScript. Please try enabling it if you encounter problems. Search PyPI Search Help Docs Sponsors Log in Register Menu Help Docs Sponsors Log in Register Search PyPI Search Common questions Basics What's a package, project, or release? How do I install a file (package) from PyPI? How do I package and publish my code for PyPI? What's a trove classifier? What's a ""yanked"" release? What's an archived project? My Account Why do I need a verified email address? Why is PyPI telling me my password is compromised? What should I do if I notice suspic",25,2026-05-14 04:00:24.465466,pypi.org
39,https://pypi.org/help/#basics,Help · PyPI,"Help · PyPI Skip to main content Switch to mobile version Warning Some features may not work without JavaScript. Please try enabling it if you encounter problems. Search PyPI Search Help Docs Sponsors Log in Register Menu Help Docs Sponsors Log in Register Search PyPI Search Common questions Basics What's a package, project, or release? How do I install a file (package) from PyPI? How do I package and publish my code for PyPI? What's a trove classifier? What's a ""yanked"" release? What's an archived project? My Account Why do I need a verified email address? Why is PyPI telling me my password is compromised? What should I do if I notice suspic",25,2026-05-14 04:00:24.583832,pypi.org
40,https://pypi.org/help/#my-account,Help · PyPI,"Help · PyPI Skip to main content Switch to mobile version Warning Some features may not work without JavaScript. Please try enabling it if you encounter problems. Search PyPI Search Help Docs Sponsors Log in Register Menu Help Docs Sponsors Log in Register Search PyPI Search Common questions Basics What's a package, project, or release? How do I install a file (package) from PyPI? How do I package and publish my code for PyPI? What's a trove classifier? What's a ""yanked"" release? What's an archived project? My Account Why do I need a verified email address? Why is PyPI telling me my password is compromised? What should I do if I notice suspic",25,2026-05-14 04:00:24.725226,pypi.org
41,https://pypi.org/help/#installing,Help · PyPI,"Help · PyPI Skip to main content Switch to mobile version Warning Some features may not work without JavaScript. Please try enabling it if you encounter problems. Search PyPI Search Help Docs Sponsors Log in Register Menu Help Docs Sponsors Log in Register Search PyPI Search Common questions Basics What's a package, project, or release? How do I install a file (package) from PyPI? How do I package and publish my code for PyPI? What's a trove classifier? What's a ""yanked"" release? What's an archived project? My Account Why do I need a verified email address? Why is PyPI telling me my password is compromised? What should I do if I notice suspic",25,2026-05-14 04:00:25.061850,pypi.org
42,https://pypi.org/help/#compromised-password,Help · PyPI,"Help · PyPI Skip to main content Switch to mobile version Warning Some features may not work without JavaScript. Please try enabling it if you encounter problems. Search PyPI Search Help Docs Sponsors Log in Register Menu Help Docs Sponsors Log in Register Search PyPI Search Common questions Basics What's a package, project, or release? How do I install a file (package) from PyPI? How do I package and publish my code for PyPI? What's a trove classifier? What's a ""yanked"" release? What's an archived project? My Account Why do I need a verified email address? Why is PyPI telling me my password is compromised? What should I do if I notice suspic",25,2026-05-14 04:00:25.136439,pypi.org
43,https://pypi.org/help/#trove-classifier,Help · PyPI,"Help · PyPI Skip to main content Switch to mobile version Warning Some features may not work without JavaScript. Please try enabling it if you encounter problems. Search PyPI Search Help Docs Sponsors Log in Register Menu Help Docs Sponsors Log in Register Search PyPI Search Common questions Basics What's a package, project, or release? How do I install a file (package) from PyPI? How do I package and publish my code for PyPI? What's a trove classifier? What's a ""yanked"" release? What's an archived project? My Account Why do I need a verified email address? Why is PyPI telling me my password is compromised? What should I do if I notice suspic",25,2026-05-14 04:00:25.444851,pypi.org
44,https://pypi.org/help/#compromised-token,Help · PyPI,"Help · PyPI Skip to main content Switch to mobile version Warning Some features may not work without JavaScript. Please try enabling it if you encounter problems. Search PyPI Search Help Docs Sponsors Log in Register Menu Help Docs Sponsors Log in Register Search PyPI Search Common questions Basics What's a package, project, or release? How do I install a file (package) from PyPI? How do I package and publish my code for PyPI? What's a trove classifier? What's a ""yanked"" release? What's an archived project? My Account Why do I need a verified email address? Why is PyPI telling me my password is compromised? What should I do if I notice suspic",25,2026-05-14 04:00:25.526866,pypi.org
45,https://pypi.org/help/#archived-project,Help · PyPI,"Help · PyPI Skip to main content Switch to mobile version Warning Some features may not work without JavaScript. Please try enabling it if you encounter problems. Search PyPI Search Help Docs Sponsors Log in Register Menu Help Docs Sponsors Log in Register Search PyPI Search Common questions Basics What's a package, project, or release? How do I install a file (package) from PyPI? How do I package and publish my code for PyPI? What's a trove classifier? What's a ""yanked"" release? What's an archived project? My Account Why do I need a verified email address? Why is PyPI telling me my password is compromised? What should I do if I notice suspic",25,2026-05-14 04:00:26.115670,pypi.org
46,https://pypi.org/sponsors/#content,Sponsors · PyPI,"Sponsors · PyPI Skip to main content Switch to mobile version Warning Some features may not work without JavaScript. Please try enabling it if you encounter problems. Search PyPI Search Help Docs Sponsors Log in Register Menu Help Docs Sponsors Log in Register Search PyPI Search Support PyPI and related projects Sponsor the Python Software Foundation The Python Software Foundation raises and distributes funds to improve Python's packaging ecosystem. Recent projects funded include: The successful relaunch of the Python Package Index, powered by the new 'Warehouse' codebase With $170,000 in funding from the Mozilla Open Source Support Program i",25,2026-05-14 04:00:26.183108,pypi.org
47,https://pypi.org/help/#verified-email,Help · PyPI,"Help · PyPI Skip to main content Switch to mobile version Warning Some features may not work without JavaScript. Please try enabling it if you encounter problems. Search PyPI Search Help Docs Sponsors Log in Register Menu Help Docs Sponsors Log in Register Search PyPI Search Common questions Basics What's a package, project, or release? How do I install a file (package) from PyPI? How do I package and publish my code for PyPI? What's a trove classifier? What's a ""yanked"" release? What's an archived project? My Account Why do I need a verified email address? Why is PyPI telling me my password is compromised? What should I do if I notice suspic",25,2026-05-14 04:00:26.362545,pypi.org
48,https://pypi.org/help/#suspicious-activity,Help · PyPI,"Help · PyPI Skip to main content Switch to mobile version Warning Some features may not work without JavaScript. Please try enabling it if you encounter problems. Search PyPI Search Help Docs Sponsors Log in Register Menu Help Docs Sponsors Log in Register Search PyPI Search Common questions Basics What's a package, project, or release? How do I install a file (package) from PyPI? How do I package and publish my code for PyPI? What's a trove classifier? What's a ""yanked"" release? What's an archived project? My Account Why do I need a verified email address? Why is PyPI telling me my password is compromised? What should I do if I notice suspic",25,2026-05-14 04:00:26.713774,pypi.org
49,https://www.mozilla.org/en-US/moss/,Mozilla Open Source Support,"Mozilla Open Source Support Help us improve your Mozilla experience In addition to Cookies necessary for this site to function, we’d like your permission to set some additional Cookies to better understand your browsing needs and improve your experience. Rest assured — we value your privacy. Accept All Additional Cookies Reject All Additional Cookies Cookie settings Menu Products Close Products menu Firefox browsers Mozilla VPN Mozilla Monitor Firefox Relay MDN Plus Thunderbird Solo 0DIN Tabstack All products About us Close About us menu Our Mission About Mozilla The Mozilla Manifesto Get Involved Blog Our Work Mozilla Foundation Mozilla.ai M",25,2026-05-14 04:00:26.971175,www.mozilla.org
50,https://pypi.org/help/#twofa,Help · PyPI,"Help · PyPI Skip to main content Switch to mobile version Warning Some features may not work without JavaScript. Please try enabling it if you encounter problems. Search PyPI Search Help Docs Sponsors Log in Register Menu Help Docs Sponsors Log in Register Search PyPI Search Common questions Basics What's a package, project, or release? How do I install a file (package) from PyPI? How do I package and publish my code for PyPI? What's a trove classifier? What's a ""yanked"" release? What's an archived project? My Account Why do I need a verified email address? Why is PyPI telling me my password is compromised? What should I do if I notice suspic",25,2026-05-14 04:00:27.099076,pypi.org
51,https://pyfound.blogspot.com/2017/11/the-psf-awarded-moss-grant-pypi.html,"Python Software Foundation News: The PSF awarded $170,000 grant from Mozilla Open Source Program to improve sustainability of PyPI","Python Software Foundation News: The PSF awarded $170,000 grant from Mozilla Open Source Program to improve sustainability of PyPI News from the Python Software Foundation Monday, November 27, 2017 The PSF awarded $170,000 grant from Mozilla Open Source Program to improve sustainability of PyPI When are we finally going to see Warehouse deployed? What's the holdup? Has this project stalled? For the last year, we at the Python Packaging Authority have heard these questions continuously from the Python community. Today we are excited to announce that we have applied for, and been awarded, a grant to help improve the sustainability of the Python",25,2026-05-14 04:00:28.494618,pyfound.blogspot.com
52,https://chanzuckerberg.com/eoss/,Essential Open Source Software for Science (EOSS) - Chan Zuckerberg Initiative,Essential Open Source Software for Science (EOSS) - Chan Zuckerberg Initiative Skip to content About Us Our Leadership Annual Letters Investing Our Endowment Ethics Policies & Guidelines What We Do Science Education Community Grants Ventures News & Stories Newsroom Stories Videos Careers Why CZI? Explore Roles Candidate Journey Better Together Internship Program Alumni Network Read Our Blog About Us Our Leadership Annual Letters Investing Our Endowment Ethics Policies & Guidelines What We Do Science Education Community Grants Ventures News & Stories Newsroom Stories Videos Careers Why CZI? Explore Roles Candidate Journey Better Together Inter,25,2026-05-14 04:00:30.602534,chanzuckerberg.com
53,https://www.python.org/sponsors/application/,Sponsorship Application | Python.org,Sponsorship Application | Python.org Notice: This page displays a fallback because interactive scripts did not run. Possible causes include disabled JavaScript or failure to load scripts or stylesheets. Skip to content ▼ Close Python PSF Docs PyPI Jobs Community ▲ The Python Network Donate ≡ Menu Search This Site GO A A Smaller Larger Reset Socialize LinkedIn Mastodon Chat on IRC Twitter About Mission Statement Board of Directors & Officers PSF Staff Annual Impact Report Fiscal Sponsorees Public Records Legal & Policies PSF FAQ Developers in Residence Sponsorship PSF Sponsors Apply to Sponsor Sponsorship Prospectus 2025-26 Membership Sign up ,22,2026-05-14 04:00:30.976218,www.python.org
54,https://pyfound.blogspot.com/2019/12/moss-czi-support-pip.html,Python Software Foundation News: Mozilla and Chan Zuckerberg Initiative to support pip,"Python Software Foundation News: Mozilla and Chan Zuckerberg Initiative to support pip News from the Python Software Foundation Wednesday, December 04, 2019 Mozilla and Chan Zuckerberg Initiative to support pip The Python Software Foundation is receiving $407,000 USD to support work on pip in 2020. Thank you to Mozilla (through its Mozilla Open Source Support Awards) and to the Chan Zuckerberg Initiative for this funding! This foundational, transformational work will release Python developers and users to concentrate on the tools they're making and using, instead of troubleshooting dependency conflicts. Specifically, CZI and Mozilla are fundi",25,2026-05-14 04:00:31.046720,pyfound.blogspot.com
55,https://pypi.org/trademarks/#content,Trademarks · PyPI,"Trademarks · PyPI Skip to main content Switch to mobile version Warning Some features may not work without JavaScript. Please try enabling it if you encounter problems. Search PyPI Search Help Docs Sponsors Log in Register Menu Help Docs Sponsors Log in Register Search PyPI Search PyPI Trademarks ""PyPI"", ""Python Package Index"", and the blocks logos are registered trademarks of the Python Software Foundation referring to the products and services associated with pypi.org. Any other use by any other party is prohibited. Wordmarks "" PyPI "" USPTO Registration Number 5608450 International Registration Number 1384149 "" Python Package Index "" USPTO ",25,2026-05-14 04:00:31.178244,pypi.org
56,https://www.capitalone.com/tech/,Technology at Capital One,"Technology at Capital One Skip to main content Technology at Capital One Tech AI Research Publications Academia Blog Careers Tech Sections AI Research Publications Academia Blog Careers Technology at Capital One We use real-time data at scale, AI and machine learning and the power of the cloud to solve challenging industry problems. Explore tech at Capital One Providing enterprise-scale data management solutions. Learn more Data and integration APIs for your digital products. Learn more Accelerating innovation through strategic startup investments. Learn more Latest thinking from our technologists Capital One at NVIDIA GTC 2026 Showcasing the",12,2026-05-14 04:00:31.994376,www.capitalone.com
57,https://pypi.org/help/#feedback,Help · PyPI,"Help · PyPI Skip to main content Switch to mobile version Warning Some features may not work without JavaScript. Please try enabling it if you encounter problems. Search PyPI Search Help Docs Sponsors Log in Register Menu Help Docs Sponsors Log in Register Search PyPI Search Common questions Basics What's a package, project, or release? How do I install a file (package) from PyPI? How do I package and publish my code for PyPI? What's a trove classifier? What's a ""yanked"" release? What's an archived project? My Account Why do I need a verified email address? Why is PyPI telling me my password is compromised? What should I do if I notice suspic",25,2026-05-14 04:00:32.944141,pypi.org
58,https://www.janestreet.com/,Home :: Jane Street,"Home :: Jane Street Jane Street Group, LLC uses cookies and similar technologies, including third-party cookies, on this Site to provide basic functionalities and perform analytics. You may accept or decline cookies by selecting “Accept” or “Reject”. For information regarding our cookie practices, see Jane Street’s Ad and Cookie Policy . Accept All Reject All WHO WE ARE WHAT WE DO THE LATEST CULTURE JOIN JANE STREET mobile navigation menu toggle CLIENT OFFERING GLOBAL CAPITAL MARKETS BENEFITS OUR OFFICES STREET VIEW PUZZLES DEPARTMENTS OPEN ROLES PROGRAMS AND EVENTS INTERNSHIPS INTERVIEWING Who We Are What We Do OVERVIEW CLIENT OFFERING GLOBA",25,2026-05-14 04:00:33.017550,www.janestreet.com
59,https://pypi.org/stats/#content,Statistics · PyPI,"Statistics · PyPI Skip to main content Switch to mobile version Warning Some features may not work without JavaScript. Please try enabling it if you encounter problems. Search PyPI Search Help Docs Sponsors Log in Register Menu Help Docs Sponsors Log in Register Search PyPI Search PyPI statistics We all love stats, so here are some useful statistics about PyPI. First-party statistics These statistics are provided directly by PyPI. PyPI provides public datasets, including download statistics and metadata via BigQuery PyPI provides a public dashboard with statistics on usage and performance Third-party statistics These statistics are provided b",25,2026-05-14 04:00:33.098209,pypi.org
60,https://github.com/pypi/warehouse,GitHub - pypi/warehouse: The Python Package Index · GitHub,GitHub - pypi/warehouse: The Python Package Index · GitHub Skip to content Navigation Menu Toggle navigation Sign in Appearance settings Platform AI CODE CREATION GitHub Copilot Write better code with AI GitHub Spark Build and deploy intelligent apps GitHub Models Manage and compare prompts MCP Registry New Integrate external tools DEVELOPER WORKFLOWS Actions Automate any workflow Codespaces Instant dev environments Issues Plan and track work Code Review Manage code changes APPLICATION SECURITY GitHub Advanced Security Find and fix vulnerabilities Code security Secure your code as you build Secret protection Stop leaks before they start EXPLO,25,2026-05-14 04:00:34.106328,github.com
61,https://deps.dev/,Open Source Insights,Open Source Insights You need to enable JavaScript to run this app.,0,2026-05-14 04:00:34.507070,deps.dev
62,https://pypistats.org/,PyPI Download Stats,"PyPI Download Stats PyPI Stats Search All packages Top packages Track packages Analytics for PyPI packages Package: Search among 815,533 python packages from PyPI (updated daily). API About FAQs Hosted by The PSF",8,2026-05-14 04:00:35.572610,pypistats.org
63,https://www.python.org/#python-network,Welcome to Python.org,Welcome to Python.org Notice: This page displays a fallback because interactive scripts did not run. Possible causes include disabled JavaScript or failure to load scripts or stylesheets. Skip to content ▼ Close Python PSF Docs PyPI Jobs Community ▲ The Python Network Donate ≡ Menu Search This Site GO A A Smaller Larger Reset Socialize LinkedIn Mastodon Chat on IRC Twitter About Applications Quotes Getting Started Help Python Brochure Downloads All releases Source code Windows macOS Android Other Platforms License Alternative Implementations Documentation Docs Audio/Visual Talks Beginner's Guide FAQ Non-English Docs PEP Index Python Books Pyt,22,2026-05-14 04:00:36.105385,www.python.org
64,https://www.python.org/jobs/,Python Job Board | Python.org,Python Job Board | Python.org Notice: This page displays a fallback because interactive scripts did not run. Possible causes include disabled JavaScript or failure to load scripts or stylesheets. Skip to content ▼ Close Python PSF Docs PyPI Jobs Community ▲ The Python Network Donate ≡ Menu Search This Site GO A A Smaller Larger Reset Socialize LinkedIn Mastodon Chat on IRC Twitter Jobs Types Back end Big Data Cloud Database Evangelism Finance Front end Image Processing Integration Machine Learning Management Numeric processing Operations Systems Testing Text Processing Web Categories Developer / Engineer Other Researcher / Scientist Locations,22,2026-05-14 04:00:38.212626,www.python.org
65,https://libraries.io/pypi,PyPI - Libraries.io - security & maintenance data for open source software,"PyPI - Libraries.io - security & maintenance data for open source software Big news! Sonar has entered a definitive agreement to acquire Tidelift! Toggle navigation Login GitHub GitLab Bitbucket By logging in you accept our terms of service and privacy policy PyPI Website: https://pypi.org/ Total Packages: 837,314 Popular PyPI Packages See more » pandas Powerful data structures for data analysis, time series, and statistics Latest release 3.0.3 -
      Updated 3 days ago - 48.7K stars numpy Fundamental package for array computing in Python Latest release 2.4.4 -
      Updated about 2 months ago - 31.9K stars requests Python HTTP for Humans. L",25,2026-05-14 04:00:38.396671,libraries.io
66,https://www.python.org/#top,Welcome to Python.org,Welcome to Python.org Notice: This page displays a fallback because interactive scripts did not run. Possible causes include disabled JavaScript or failure to load scripts or stylesheets. Skip to content ▼ Close Python PSF Docs PyPI Jobs Community ▲ The Python Network Donate ≡ Menu Search This Site GO A A Smaller Larger Reset Socialize LinkedIn Mastodon Chat on IRC Twitter About Applications Quotes Getting Started Help Python Brochure Downloads All releases Source code Windows macOS Android Other Platforms License Alternative Implementations Documentation Docs Audio/Visual Talks Beginner's Guide FAQ Non-English Docs PEP Index Python Books Pyt,22,2026-05-14 04:00:38.492297,www.python.org
67,https://www.python.org/community/,Our Community | Python.org,Our Community | Python.org Notice: This page displays a fallback because interactive scripts did not run. Possible causes include disabled JavaScript or failure to load scripts or stylesheets. Skip to content ▼ Close Python PSF Docs PyPI Jobs Community ▲ The Python Network Donate ≡ Menu Search This Site GO A A Smaller Larger Reset Socialize LinkedIn Mastodon Chat on IRC Twitter About Applications Quotes Getting Started Help Python Brochure Downloads All releases Source code Windows macOS Android Other Platforms License Alternative Implementations Documentation Docs Audio/Visual Talks Beginner's Guide FAQ Non-English Docs PEP Index Python Book,22,2026-05-14 04:00:38.555298,www.python.org
68,https://www.python.org/#site-map,Welcome to Python.org,Welcome to Python.org Notice: This page displays a fallback because interactive scripts did not run. Possible causes include disabled JavaScript or failure to load scripts or stylesheets. Skip to content ▼ Close Python PSF Docs PyPI Jobs Community ▲ The Python Network Donate ≡ Menu Search This Site GO A A Smaller Larger Reset Socialize LinkedIn Mastodon Chat on IRC Twitter About Applications Quotes Getting Started Help Python Brochure Downloads All releases Source code Windows macOS Android Other Platforms License Alternative Implementations Documentation Docs Audio/Visual Talks Beginner's Guide FAQ Non-English Docs PEP Index Python Books Pyt,22,2026-05-14 04:00:40.073341,www.python.org
69,https://fosstodon.org/@ThePSF,Python Software Foundation (@ThePSF@fosstodon.org) - Fosstodon,"Python Software Foundation (@ThePSF@fosstodon.org) - Fosstodon To use the Mastodon web application, please enable JavaScript. Alternatively, try one of the native apps for Mastodon for your platform.",1,2026-05-14 04:00:40.362874,fosstodon.org
70,https://www.python.org/about/,About Python™ | Python.org,About Python™ | Python.org Notice: This page displays a fallback because interactive scripts did not run. Possible causes include disabled JavaScript or failure to load scripts or stylesheets. Skip to content ▼ Close Python PSF Docs PyPI Jobs Community ▲ The Python Network Donate ≡ Menu Search This Site GO A A Smaller Larger Reset Socialize LinkedIn Mastodon Chat on IRC Twitter About Applications Quotes Getting Started Help Python Brochure Downloads All releases Source code Windows macOS Android Other Platforms License Alternative Implementations Documentation Docs Audio/Visual Talks Beginner's Guide FAQ Non-English Docs PEP Index Python Book,22,2026-05-14 04:00:40.424896,www.python.org
71,https://www.python.org/#content,Welcome to Python.org,Welcome to Python.org Notice: This page displays a fallback because interactive scripts did not run. Possible causes include disabled JavaScript or failure to load scripts or stylesheets. Skip to content ▼ Close Python PSF Docs PyPI Jobs Community ▲ The Python Network Donate ≡ Menu Search This Site GO A A Smaller Larger Reset Socialize LinkedIn Mastodon Chat on IRC Twitter About Applications Quotes Getting Started Help Python Brochure Downloads All releases Source code Windows macOS Android Other Platforms License Alternative Implementations Documentation Docs Audio/Visual Talks Beginner's Guide FAQ Non-English Docs PEP Index Python Books Pyt,22,2026-05-14 04:00:43.929613,www.python.org
72,https://www.python.org/community/#content,Our Community | Python.org,Our Community | Python.org Notice: This page displays a fallback because interactive scripts did not run. Possible causes include disabled JavaScript or failure to load scripts or stylesheets. Skip to content ▼ Close Python PSF Docs PyPI Jobs Community ▲ The Python Network Donate ≡ Menu Search This Site GO A A Smaller Larger Reset Socialize LinkedIn Mastodon Chat on IRC Twitter About Applications Quotes Getting Started Help Python Brochure Downloads All releases Source code Windows macOS Android Other Platforms License Alternative Implementations Documentation Docs Audio/Visual Talks Beginner's Guide FAQ Non-English Docs PEP Index Python Book,22,2026-05-14 04:00:45.084505,www.python.org
73,https://www.python.org/community/#site-map,Our Community | Python.org,Our Community | Python.org Notice: This page displays a fallback because interactive scripts did not run. Possible causes include disabled JavaScript or failure to load scripts or stylesheets. Skip to content ▼ Close Python PSF Docs PyPI Jobs Community ▲ The Python Network Donate ≡ Menu Search This Site GO A A Smaller Larger Reset Socialize LinkedIn Mastodon Chat on IRC Twitter About Applications Quotes Getting Started Help Python Brochure Downloads All releases Source code Windows macOS Android Other Platforms License Alternative Implementations Documentation Docs Audio/Visual Talks Beginner's Guide FAQ Non-English Docs PEP Index Python Book,22,2026-05-14 04:00:45.701654,www.python.org
74,https://www.python.org/community/#python-network,Our Community | Python.org,Our Community | Python.org Notice: This page displays a fallback because interactive scripts did not run. Possible causes include disabled JavaScript or failure to load scripts or stylesheets. Skip to content ▼ Close Python PSF Docs PyPI Jobs Community ▲ The Python Network Donate ≡ Menu Search This Site GO A A Smaller Larger Reset Socialize LinkedIn Mastodon Chat on IRC Twitter About Applications Quotes Getting Started Help Python Brochure Downloads All releases Source code Windows macOS Android Other Platforms License Alternative Implementations Documentation Docs Audio/Visual Talks Beginner's Guide FAQ Non-English Docs PEP Index Python Book,22,2026-05-14 04:00:46.669345,www.python.org
75,https://www.python.org/community/#top,Our Community | Python.org,Our Community | Python.org Notice: This page displays a fallback because interactive scripts did not run. Possible causes include disabled JavaScript or failure to load scripts or stylesheets. Skip to content ▼ Close Python PSF Docs PyPI Jobs Community ▲ The Python Network Donate ≡ Menu Search This Site GO A A Smaller Larger Reset Socialize LinkedIn Mastodon Chat on IRC Twitter About Applications Quotes Getting Started Help Python Brochure Downloads All releases Source code Windows macOS Android Other Platforms License Alternative Implementations Documentation Docs Audio/Visual Talks Beginner's Guide FAQ Non-English Docs PEP Index Python Book,22,2026-05-14 04:00:47.460977,www.python.org
76,https://www.python.org/,Welcome to Python.org,Welcome to Python.org Notice: This page displays a fallback because interactive scripts did not run. Possible causes include disabled JavaScript or failure to load scripts or stylesheets. Skip to content ▼ Close Python PSF Docs PyPI Jobs Community ▲ The Python Network Donate ≡ Menu Search This Site GO A A Smaller Larger Reset Socialize LinkedIn Mastodon Chat on IRC Twitter About Applications Quotes Getting Started Help Python Brochure Downloads All releases Source code Windows macOS Android Other Platforms License Alternative Implementations Documentation Docs Audio/Visual Talks Beginner's Guide FAQ Non-English Docs PEP Index Python Books Pyt,22,2026-05-14 04:00:49.122780,www.python.org
77,https://www.python.org/jobs/#python-network,Python Job Board | Python.org,Python Job Board | Python.org Notice: This page displays a fallback because interactive scripts did not run. Possible causes include disabled JavaScript or failure to load scripts or stylesheets. Skip to content ▼ Close Python PSF Docs PyPI Jobs Community ▲ The Python Network Donate ≡ Menu Search This Site GO A A Smaller Larger Reset Socialize LinkedIn Mastodon Chat on IRC Twitter Jobs Types Back end Big Data Cloud Database Evangelism Finance Front end Image Processing Integration Machine Learning Management Numeric processing Operations Systems Testing Text Processing Web Categories Developer / Engineer Other Researcher / Scientist Locations,22,2026-05-14 04:00:52.550446,www.python.org
78,https://www.python.org/jobs/#site-map,Python Job Board | Python.org,Python Job Board | Python.org Notice: This page displays a fallback because interactive scripts did not run. Possible causes include disabled JavaScript or failure to load scripts or stylesheets. Skip to content ▼ Close Python PSF Docs PyPI Jobs Community ▲ The Python Network Donate ≡ Menu Search This Site GO A A Smaller Larger Reset Socialize LinkedIn Mastodon Chat on IRC Twitter Jobs Types Back end Big Data Cloud Database Evangelism Finance Front end Image Processing Integration Machine Learning Management Numeric processing Operations Systems Testing Text Processing Web Categories Developer / Engineer Other Researcher / Scientist Locations,22,2026-05-14 04:00:52.610145,www.python.org
79,https://www.python.org/jobs/#top,Python Job Board | Python.org,Python Job Board | Python.org Notice: This page displays a fallback because interactive scripts did not run. Possible causes include disabled JavaScript or failure to load scripts or stylesheets. Skip to content ▼ Close Python PSF Docs PyPI Jobs Community ▲ The Python Network Donate ≡ Menu Search This Site GO A A Smaller Larger Reset Socialize LinkedIn Mastodon Chat on IRC Twitter Jobs Types Back end Big Data Cloud Database Evangelism Finance Front end Image Processing Integration Machine Learning Management Numeric processing Operations Systems Testing Text Processing Web Categories Developer / Engineer Other Researcher / Scientist Locations,22,2026-05-14 04:00:53.595197,www.python.org
80,https://www.python.org/jobs/types/,Our Job Types | Python.org,Our Job Types | Python.org Notice: This page displays a fallback because interactive scripts did not run. Possible causes include disabled JavaScript or failure to load scripts or stylesheets. Skip to content ▼ Close Python PSF Docs PyPI Jobs Community ▲ The Python Network Donate ≡ Menu Search This Site GO A A Smaller Larger Reset Socialize LinkedIn Mastodon Chat on IRC Twitter Jobs Types Back end Big Data Cloud Database Evangelism Finance Front end Image Processing Integration Machine Learning Management Numeric processing Operations Systems Testing Text Processing Web Categories Developer / Engineer Other Researcher / Scientist Locations Te,22,2026-05-14 04:00:53.912156,www.python.org
